N,P,K,temperature,humidity,ph,rainfall,label
100,38,35,26.4,83.7,5.7,192.3,Rice
97,37,48,22.2,81.4,5.8,252.2,Rice
97,41,48,23.3,88.8,6.6,180.8,Rice
85,48,45,23.7,83.2,6.5,192.3,Rice
92,38,46,27.1,89.1,6.5,267.6,Rice
97,38,47,22.5,84.4,6.3,286.3,Rice
91,41,37,22.3,83.4,5.9,189.6,Rice
87,38,47,23.7,89.5,6.0,224.4,Rice
86,43,37,25.7,82.6,6.4,199.6,Rice
92,43,42,26.1,92.6,6.5,207.5,Rice
81,45,47,23.6,83.2,6.7,285.2,Rice
90,41,50,24.4,93.7,6.1,211.8,Rice
87,43,48,27.4,86.0,5.8,299.7,Rice
96,50,37,26.5,92.9,5.7,199.2,Rice
93,37,47,24.3,94.9,6.2,296.5,Rice
80,38,43,26.6,85.1,5.9,199.0,Rice
80,43,40,25.0,81.6,6.3,281.0,Rice
96,41,39,24.2,82.4,6.7,290.7,Rice
80,45,50,22.1,93.9,6.6,279.8,Rice
89,42,36,23.4,88.5,5.6,267.8,Rice
82,39,39,26.0,94.2,5.7,243.3,Rice
99,48,41,27.6,91.3,6.4,265.6,Rice
92,46,49,27.4,86.8,5.8,187.7,Rice
80,42,42,22.0,90.6,5.6,188.1,Rice
81,45,37,25.1,84.2,6.1,244.7,Rice
98,50,42,26.7,92.1,5.7,191.6,Rice
93,46,48,24.5,93.0,5.6,258.4,Rice
100,38,36,24.4,85.1,6.6,209.8,Rice
86,49,39,24.5,84.2,5.8,290.8,Rice
94,38,36,25.9,88.1,5.5,191.2,Rice
87,40,48,24.9,83.2,6.0,187.0,Rice
92,35,47,23.6,91.8,6.1,230.8,Rice
97,50,39,23.1,83.3,5.6,268.3,Rice
81,45,36,22.3,87.2,6.7,243.7,Rice
81,37,40,22.4,81.0,6.6,228.5,Rice
98,42,36,25.7,86.3,6.3,242.7,Rice
88,41,45,23.4,85.9,6.4,216.0,Rice
90,37,35,24.7,95.0,6.8,188.8,Rice
86,43,39,27.6,93.2,6.6,224.3,Rice
85,49,44,25.7,94.8,6.4,180.9,Rice
97,44,38,27.6,82.0,5.7,192.8,Rice
97,39,43,23.7,83.2,5.9,262.5,Rice
88,50,43,27.4,92.7,5.6,230.8,Rice
88,36,35,24.0,82.0,6.8,199.4,Rice
94,48,35,22.7,94.2,6.4,197.9,Rice
81,46,39,24.6,80.6,6.0,292.0,Rice
81,46,41,26.1,90.0,6.0,247.2,Rice
93,39,42,27.2,94.6,6.6,285.8,Rice
80,40,45,26.7,86.2,6.4,268.2,Rice
87,43,40,26.7,81.6,6.6,283.0,Rice
87,41,49,24.1,92.3,6.6,206.8,Rice
86,47,45,23.7,81.0,6.5,222.1,Rice
96,47,45,27.6,81.7,6.8,201.4,Rice
88,36,38,25.6,85.2,6.5,232.4,Rice
96,38,47,27.4,82.9,5.6,232.3,Rice
96,41,46,24.6,94.2,6.7,254.8,Rice
83,44,44,26.0,84.9,6.4,246.5,Rice
86,48,47,26.1,93.5,6.3,216.1,Rice
97,35,44,23.7,86.4,6.3,258.6,Rice
94,49,49,26.1,87.7,6.5,295.2,Rice
85,37,44,25.1,89.5,5.9,278.2,Rice
87,44,42,26.8,82.2,5.6,298.1,Rice
99,37,49,24.5,89.4,5.8,263.6,Rice
95,47,42,22.9,90.3,6.7,283.3,Rice
83,48,42,23.1,94.4,6.2,186.0,Rice
87,38,49,22.8,87.0,6.2,247.1,Rice
90,49,48,27.0,88.2,6.7,269.2,Rice
95,49,43,26.5,92.6,5.9,273.3,Rice
95,42,43,24.6,90.7,5.8,220.3,Rice
97,37,39,22.9,85.7,5.7,205.7,Rice
93,48,45,25.3,86.2,5.8,230.4,Rice
98,35,47,24.9,94.1,5.9,226.8,Rice
93,42,50,23.3,86.5,5.5,220.3,Rice
92,40,49,27.5,94.7,6.2,288.8,Rice
98,35,37,25.9,82.0,6.1,186.0,Rice
92,45,41,24.7,85.1,6.6,213.4,Rice
93,43,37,24.8,91.2,5.6,294.2,Rice
87,37,36,26.5,94.2,5.8,182.4,Rice
84,42,39,24.8,81.7,6.7,235.8,Rice
88,46,40,25.6,94.5,6.4,273.3,Rice
85,44,38,25.5,93.9,6.2,289.0,Rice
92,47,41,22.5,90.4,6.3,192.2,Rice
89,38,36,24.1,86.4,6.0,240.7,Rice
90,35,48,26.9,81.6,6.7,256.3,Rice
94,39,48,23.1,87.8,6.3,253.9,Rice
97,50,49,24.6,91.0,5.8,282.2,Rice
82,43,49,23.5,87.0,6.3,225.5,Rice
80,50,45,23.1,83.2,6.5,220.8,Rice
99,43,35,25.1,82.9,5.8,228.8,Rice
97,42,50,25.9,87.4,6.5,191.2,Rice
87,47,42,23.8,88.7,6.1,243.7,Rice
93,45,46,26.2,84.1,5.8,194.5,Rice
86,45,38,26.5,94.3,6.4,203.0,Rice
95,43,44,27.9,92.5,5.9,223.3,Rice
89,35,39,23.6,94.6,6.2,263.7,Rice
84,50,38,27.2,88.6,6.1,232.9,Rice
85,36,43,27.6,87.2,6.6,228.1,Rice
82,36,39,22.9,88.4,5.9,299.3,Rice
83,48,42,26.7,85.7,6.7,215.7,Rice
98,48,44,25.4,80.9,6.7,191.9,Rice
66,46,48,21.6,57.4,6.2,53.8,Wheat
60,53,54,21.9,62.0,6.0,64.4,Wheat
69,54,42,21.9,68.9,6.9,81.3,Wheat
66,53,43,20.4,64.7,7.1,91.3,Wheat
62,41,45,22.9,63.9,7.0,96.1,Wheat
74,43,54,21.9,65.5,7.1,75.0,Wheat
75,54,42,21.0,68.3,6.9,80.2,Wheat
60,42,47,24.6,67.5,6.7,97.5,Wheat
68,41,45,19.7,64.8,7.1,59.1,Wheat
78,53,55,24.7,62.1,6.5,66.1,Wheat
63,45,50,19.1,62.4,6.8,70.0,Wheat
77,41,54,15.9,58.8,6.1,88.6,Wheat
76,40,54,19.1,57.8,6.4,87.8,Wheat
80,54,41,17.0,63.2,7.1,71.9,Wheat
75,43,40,24.7,64.1,6.3,57.9,Wheat
77,40,53,15.9,69.9,7.1,73.1,Wheat
63,44,55,24.3,59.4,6.8,70.8,Wheat
75,55,47,19.6,57.2,6.2,80.0,Wheat
64,42,48,22.7,67.8,6.4,89.4,Wheat
68,40,49,22.3,67.6,6.7,83.0,Wheat
64,54,55,18.5,63.3,6.7,72.8,Wheat
70,46,47,20.7,58.5,6.9,52.2,Wheat
75,52,52,24.9,66.9,6.8,57.6,Wheat
61,44,50,23.7,68.1,6.5,76.3,Wheat
74,40,44,19.1,64.8,6.2,73.5,Wheat
68,50,52,21.5,67.8,7.0,93.0,Wheat
72,50,55,23.7,55.5,6.1,81.6,Wheat
69,47,42,19.3,56.5,6.8,93.6,Wheat
74,45,49,24.0,55.7,7.0,64.7,Wheat
71,53,44,17.4,61.2,6.8,59.0,Wheat
65,42,52,21.2,58.6,7.1,57.2,Wheat
74,48,54,17.6,55.1,7.0,95.1,Wheat
77,45,42,19.4,60.2,6.7,81.9,Wheat
73,48,54,23.5,58.0,6.5,74.2,Wheat
67,52,51,20.7,69.9,6.4,98.9,Wheat
72,48,40,20.7,65.3,6.9,52.5,Wheat
79,55,49,22.8,58.5,7.0,61.0,Wheat
66,48,44,21.3,68.6,6.8,65.4,Wheat
74,41,51,22.3,56.4,6.4,87.4,Wheat
65,46,44,22.9,68.1,6.4,75.1,Wheat
68,45,48,24.1,69.2,7.2,64.8,Wheat
70,43,54,24.6,57.1,7.2,93.0,Wheat
72,51,42,22.9,55.2,6.6,72.7,Wheat
68,52,51,16.1,58.5,6.0,94.2,Wheat
77,50,47,21.5,64.5,6.6,85.1,Wheat
80,53,43,16.4,69.2,6.4,74.6,Wheat
63,47,44,18.9,60.6,7.1,84.8,Wheat
77,53,44,23.9,64.8,7.0,80.8,Wheat
68,41,51,17.2,61.7,6.3,68.1,Wheat
71,51,41,19.0,57.8,6.1,92.4,Wheat
74,42,46,21.4,64.0,6.0,89.3,Wheat
67,44,46,15.7,66.5,6.2,60.8,Wheat
67,50,44,22.9,63.9,6.3,99.2,Wheat
64,48,45,16.1,68.0,6.2,67.9,Wheat
67,50,40,16.7,55.8,6.9,76.3,Wheat
62,55,54,22.8,62.7,6.1,75.2,Wheat
79,41,49,19.6,69.5,6.1,73.9,Wheat
72,53,43,19.9,68.6,6.1,54.0,Wheat
79,44,42,16.3,64.4,6.7,85.6,Wheat
72,49,54,20.1,61.5,7.0,55.7,Wheat
80,46,53,19.5,58.4,6.4,72.7,Wheat
73,43,50,19.3,65.0,6.4,57.6,Wheat
75,42,42,23.3,56.4,6.1,86.9,Wheat
64,41,50,21.7,61.2,7.0,97.1,Wheat
73,41,49,21.0,60.3,6.7,60.6,Wheat
75,47,43,18.5,63.3,6.1,63.9,Wheat
67,53,40,21.1,64.9,6.8,51.4,Wheat
68,49,50,18.5,57.7,6.2,82.9,Wheat
62,44,40,15.9,63.0,6.5,72.7,Wheat
65,51,49,22.2,66.7,6.7,54.2,Wheat
61,44,45,22.5,55.7,6.1,72.2,Wheat
73,55,54,19.1,58.2,6.6,67.3,Wheat
63,49,55,20.3,59.6,6.3,99.2,Wheat
61,40,46,18.0,58.2,6.2,62.8,Wheat
70,43,40,20.0,61.5,6.2,76.6,Wheat
67,51,42,19.0,66.1,6.5,73.0,Wheat
62,50,53,20.7,65.6,6.5,55.8,Wheat
60,50,45,23.0,64.3,7.0,96.0,Wheat
62,53,43,17.4,63.8,6.6,69.8,Wheat
69,50,47,18.3,57.5,6.6,55.7,Wheat
76,46,51,18.5,69.4,6.8,57.4,Wheat
63,44,48,17.0,64.0,6.9,82.8,Wheat
65,55,54,22.5,66.4,6.5,96.2,Wheat
78,50,50,16.5,56.0,6.5,65.1,Wheat
68,41,51,20.1,59.7,6.5,52.8,Wheat
69,42,42,21.2,62.6,6.6,77.7,Wheat
61,54,46,18.2,62.1,6.2,53.1,Wheat
63,50,42,20.0,57.6,6.3,71.9,Wheat
74,45,51,18.7,59.2,6.5,66.9,Wheat
79,41,50,15.7,56.4,6.8,64.2,Wheat
79,44,50,15.8,65.0,7.1,65.5,Wheat
80,52,44,21.0,69.1,6.4,68.8,Wheat
70,44,42,21.5,61.4,6.4,68.1,Wheat
65,46,50,24.5,62.3,6.3,56.9,Wheat
62,49,43,20.1,63.1,6.9,76.3,Wheat
70,44,52,16.5,57.7,6.8,81.2,Wheat
65,54,41,19.1,65.1,6.3,72.2,Wheat
69,54,47,20.3,59.6,7.0,73.5,Wheat
66,51,54,19.6,59.2,6.5,76.4,Wheat
65,46,44,23.7,55.8,6.6,68.6,Wheat
113,43,36,28.6,65.3,6.4,124.3,Cotton
114,41,36,34.5,54.4,6.8,91.0,Cotton
110,41,35,29.6,57.5,6.6,74.9,Cotton
117,35,40,34.4,66.8,7.2,117.5,Cotton
114,35,39,34.3,59.4,7.6,115.5,Cotton
125,42,44,26.0,51.6,6.4,120.1,Cotton
127,44,43,29.8,65.5,6.3,77.3,Cotton
117,41,45,33.1,59.1,6.0,124.3,Cotton
129,43,35,31.7,61.5,7.4,87.5,Cotton
110,44,40,28.2,58.3,7.3,75.1,Cotton
121,36,43,30.9,65.7,6.9,71.2,Cotton
125,35,45,29.5,57.5,7.4,91.4,Cotton
112,40,38,32.6,62.6,7.5,114.1,Cotton
120,37,35,29.2,56.8,7.2,119.8,Cotton
124,42,45,27.6,52.7,7.4,126.6,Cotton
111,39,38,26.4,54.0,5.9,126.0,Cotton
126,41,43,30.3,50.7,7.2,87.2,Cotton
111,45,40,28.5,66.0,6.8,94.0,Cotton
124,41,40,34.8,59.9,6.9,125.5,Cotton
126,39,36,32.5,51.6,7.1,119.3,Cotton
127,39,40,26.9,56.6,6.5,96.8,Cotton
123,37,42,29.2,50.8,7.7,91.2,Cotton
123,39,45,34.8,69.0,6.0,108.3,Cotton
121,43,45,27.4,50.6,7.7,110.7,Cotton
124,35,37,26.6,65.6,6.6,93.0,Cotton
128,35,44,27.4,59.0,6.6,96.6,Cotton
112,44,37,30.8,58.0,7.2,85.0,Cotton
113,35,37,30.5,57.7,7.0,85.7,Cotton
118,42,38,35.0,55.7,7.8,99.5,Cotton
113,37,36,30.1,68.0,6.8,75.3,Cotton
120,45,40,32.4,61.0,6.4,88.0,Cotton
115,45,37,33.1,60.2,6.1,82.1,Cotton
114,38,42,26.2,61.1,6.6,118.2,Cotton
127,37,44,34.0,51.3,6.7,113.0,Cotton
125,43,41,32.9,66.5,6.0,128.3,Cotton
130,36,42,30.2,60.3,6.1,119.7,Cotton
127,45,44,27.6,69.3,6.8,124.6,Cotton
111,36,43,27.4,53.3,6.5,112.6,Cotton
121,43,39,33.6,55.0,7.2,103.1,Cotton
114,45,39,31.5,51.9,7.2,105.5,Cotton
128,37,37,31.9,64.4,7.1,120.6,Cotton
128,35,35,26.7,69.0,7.5,85.9,Cotton
116,44,41,31.6,50.6,7.8,102.7,Cotton
130,39,42,28.2,66.1,6.7,97.2,Cotton
111,37,42,29.7,59.3,6.5,78.6,Cotton
120,40,41,27.2,57.4,7.0,89.1,Cotton
124,36,39,30.0,52.8,5.9,126.7,Cotton
129,41,38,34.7,68.0,7.6,126.0,Cotton
120,38,37,30.5,60.3,6.9,88.5,Cotton
110,36,41,30.5,69.3,6.3,91.2,Cotton
111,39,42,31.4,66.9,7.3,87.1,Cotton
110,36,41,27.2,55.3,6.6,94.2,Cotton
111,41,35,31.1,53.9,7.0,74.4,Cotton
126,42,43,28.5,69.8,7.3,77.1,Cotton
113,41,40,33.2,56.8,7.9,115.3,Cotton
116,44,43,29.6,50.8,5.9,112.8,Cotton
125,43,42,27.3,67.9,6.1,125.9,Cotton
120,37,41,34.9,64.8,6.5,90.2,Cotton
126,43,42,32.4,56.0,7.6,92.1,Cotton
113,41,44,28.8,68.0,7.7,107.8,Cotton
129,42,39,34.7,65.7,7.5,104.7,Cotton
111,44,42,27.5,62.6,7.2,120.5,Cotton
114,45,38,26.3,69.0,6.0,71.1,Cotton
120,41,37,29.7,54.1,6.9,106.7,Cotton
125,35,37,30.7,61.2,8.0,98.7,Cotton
122,40,37,30.1,60.7,7.0,110.6,Cotton
130,39,44,30.4,69.1,6.4,87.9,Cotton
119,39,38,32.2,59.8,6.9,103.6,Cotton
118,39,36,31.2,60.9,7.8,93.7,Cotton
121,37,39,26.4,69.1,6.0,125.4,Cotton
130,39,42,27.9,66.6,6.4,103.7,Cotton
118,37,36,31.5,61.7,6.3,110.2,Cotton
126,38,45,28.1,52.0,6.5,98.3,Cotton
114,35,43,34.8,53.2,7.2,122.8,Cotton
125,42,45,27.8,69.3,6.5,108.8,Cotton
112,45,44,28.1,64.8,7.7,72.2,Cotton
115,41,37,34.4,50.7,7.6,117.3,Cotton
115,39,35,26.1,61.4,6.0,129.0,Cotton
119,42,45,30.9,59.9,7.9,121.1,Cotton
124,39,38,33.3,56.6,7.4,108.9,Cotton
115,35,40,33.1,61.4,7.5,80.5,Cotton
130,41,41,30.6,51.7,7.3,81.1,Cotton
114,42,40,34.4,50.1,6.6,96.8,Cotton
118,40,39,31.2,61.5,6.4,91.6,Cotton
117,35,45,27.1,56.1,6.7,100.2,Cotton
119,36,45,34.2,55.9,7.2,83.1,Cotton
114,42,37,30.1,69.8,6.6,112.1,Cotton
125,43,45,33.4,65.2,7.3,105.7,Cotton
112,43,42,30.8,57.2,7.8,76.7,Cotton
127,43,38,31.2,53.0,6.5,101.2,Cotton
113,45,38,32.5,59.8,7.8,96.7,Cotton
111,42,37,30.6,59.1,5.9,97.7,Cotton
119,35,41,28.3,50.1,6.3,74.4,Cotton
123,40,36,30.9,51.2,7.8,129.2,Cotton
125,35,39,29.7,65.4,7.5,128.7,Cotton
130,41,40,34.9,57.6,7.7,124.4,Cotton
122,36,45,34.7,67.5,6.1,121.6,Cotton
113,37,43,29.5,52.5,8.0,120.1,Cotton
110,39,42,32.1,60.9,7.0,119.4,Cotton
117,42,40,27.4,53.8,7.7,115.9,Cotton
71,55,41,25.4,74.0,6.8,74.4,Maize
72,46,44,18.4,69.0,6.6,62.9,Maize
71,51,42,20.8,63.3,6.8,63.4,Maize
86,49,38,27.8,71.0,6.0,95.9,Maize
80,48,39,28.5,74.8,6.3,84.8,Maize
78,45,43,29.4,73.2,6.9,97.6,Maize
83,53,42,18.6,65.2,6.5,82.9,Maize
86,50,41,22.9,64.5,5.8,92.3,Maize
77,48,39,28.3,62.2,6.2,63.5,Maize
83,51,43,24.4,65.8,5.9,79.8,Maize
72,52,40,19.1,70.9,5.8,76.1,Maize
89,54,35,28.5,62.8,6.6,103.5,Maize
87,48,42,20.5,73.6,6.0,114.5,Maize
76,48,36,27.0,71.3,6.9,101.7,Maize
76,51,38,24.6,71.6,6.1,92.0,Maize
81,49,39,22.3,73.2,6.2,108.2,Maize
85,50,38,22.4,66.2,6.3,73.3,Maize
74,45,39,24.6,68.8,6.6,77.7,Maize
76,50,38,22.6,72.5,6.2,99.3,Maize
80,49,42,29.6,69.6,6.2,70.1,Maize
81,47,37,26.6,67.3,6.9,92.5,Maize
90,45,43,18.4,72.7,6.9,100.1,Maize
70,51,37,28.1,63.5,6.6,60.5,Maize
86,52,40,18.7,69.6,6.9,114.8,Maize
85,45,35,24.4,66.2,5.5,103.3,Maize
87,49,35,24.0,70.5,6.1,116.4,Maize
75,46,36,24.3,63.6,6.4,75.1,Maize
81,49,41,18.9,74.4,6.2,74.6,Maize
77,49,45,27.9,61.2,7.0,99.0,Maize
71,46,41,22.6,68.3,5.6,60.6,Maize
75,46,42,28.1,69.7,6.0,118.6,Maize
73,53,35,20.8,73.5,6.5,94.0,Maize
78,45,36,26.2,64.2,6.3,99.5,Maize
75,50,35,29.5,68.8,6.6,102.8,Maize
82,46,39,19.9,63.6,6.8,83.3,Maize
87,50,41,27.1,62.1,7.0,103.4,Maize
86,50,35,19.2,63.5,5.6,96.3,Maize
89,54,41,29.6,64.9,6.5,107.0,Maize
84,52,38,22.3,74.1,6.1,100.8,Maize
82,46,44,21.5,63.7,5.6,76.1,Maize
82,55,37,26.9,64.8,5.7,60.3,Maize
79,52,40,27.1,61.5,5.6,85.9,Maize
87,53,43,22.9,60.4,6.0,65.6,Maize
89,50,41,18.1,66.2,6.7,103.5,Maize
87,48,44,24.3,70.3,5.8,76.1,Maize
78,52,37,18.8,66.5,6.1,89.1,Maize
72,50,39,29.3,70.8,6.2,97.0,Maize
84,46,37,21.7,74.2,6.0,97.2,Maize
80,52,40,23.2,72.4,6.5,95.7,Maize
79,50,44,29.4,63.0,6.0,117.9,Maize
80,49,45,23.9,68.6,5.9,82.6,Maize
82,50,36,29.2,63.0,7.0,70.8,Maize
87,45,42,29.3,63.1,6.7,109.9,Maize
72,51,45,24.0,69.5,5.9,99.5,Maize
83,51,36,23.4,69.0,6.4,92.1,Maize
83,53,35,27.5,65.4,6.8,92.2,Maize
90,46,36,27.2,69.9,6.0,98.8,Maize
71,54,45,26.1,66.0,6.6,117.9,Maize
83,46,35,19.2,63.3,6.6,93.5,Maize
88,48,42,22.5,66.9,6.5,101.4,Maize
74,50,35,23.8,64.4,6.9,65.2,Maize
74,50,39,22.1,71.8,6.3,80.9,Maize
73,52,42,21.8,64.5,6.7,66.9,Maize
80,55,36,26.1,62.5,7.0,74.6,Maize
75,53,37,22.0,66.4,6.2,107.9,Maize
90,47,37,25.7,66.5,5.5,96.8,Maize
76,52,44,23.2,60.1,5.8,76.7,Maize
72,54,36,27.6,68.1,6.0,71.8,Maize
73,49,45,28.4,67.9,6.5,95.8,Maize
89,51,44,19.4,65.3,6.2,70.4,Maize
79,54,44,19.0,62.0,5.7,78.3,Maize
75,50,37,24.1,66.3,5.7,83.0,Maize
75,52,45,24.4,73.8,6.9,70.4,Maize
75,52,39,19.7,64.7,6.2,63.2,Maize
81,45,42,19.6,72.2,6.9,90.3,Maize
85,51,45,23.9,70.7,6.2,70.0,Maize
88,45,38,21.5,64.1,6.3,70.1,Maize
84,54,42,24.6,61.7,5.7,106.5,Maize
81,53,35,27.1,66.6,5.8,85.5,Maize
90,48,39,28.5,60.5,5.9,111.7,Maize
72,52,36,27.3,63.6,6.7,95.3,Maize
81,54,45,23.1,69.2,6.7,108.8,Maize
71,54,40,24.4,69.0,5.8,118.7,Maize
79,49,44,21.2,72.9,7.0,100.8,Maize
73,47,41,29.0,74.9,6.8,67.6,Maize
74,48,37,26.5,72.4,6.6,100.6,Maize
85,47,44,25.6,69.4,6.1,64.5,Maize
72,51,43,27.0,70.4,6.8,87.3,Maize
85,50,44,18.0,71.6,6.6,103.9,Maize
84,55,45,26.4,72.8,6.7,83.9,Maize
83,48,42,21.2,72.4,6.0,94.7,Maize
88,52,40,28.7,71.4,5.6,97.6,Maize
84,45,36,29.2,62.4,6.2,119.5,Maize
83,48,37,28.6,64.5,6.8,112.6,Maize
72,55,40,21.0,65.6,6.9,69.9,Maize
82,55,39,26.7,71.3,6.1,65.5,Maize
73,45,38,23.7,62.0,5.8,100.8,Maize
70,45,40,27.8,74.8,6.1,67.9,Maize
72,48,41,19.1,72.1,5.7,82.1,Maize
79,47,41,27.3,71.3,5.7,119.6,Maize
94,71,86,29.4,84.2,6.2,165.7,Banana
96,80,74,31.5,84.2,6.7,148.2,Banana
93,72,73,29.5,80.8,7.4,160.9,Banana
94,73,78,29.9,78.7,6.9,213.8,Banana
99,70,79,27.2,84.1,6.3,170.9,Banana
110,70,77,29.0,76.7,6.7,197.2,Banana
106,70,81,31.6,77.0,7.3,193.9,Banana
101,78,75,30.6,89.3,7.2,122.2,Banana
92,70,78,27.3,88.8,7.4,171.7,Banana
99,80,86,30.6,81.4,6.6,203.3,Banana
107,79,74,27.7,79.6,6.8,146.4,Banana
94,78,80,28.3,84.5,7.3,208.5,Banana
92,74,83,30.4,87.7,6.1,131.2,Banana
103,71,84,29.7,75.8,7.0,205.5,Banana
95,71,70,30.2,85.5,6.2,243.9,Banana
106,78,78,27.0,76.9,7.2,154.9,Banana
93,70,80,30.8,79.1,6.1,212.6,Banana
108,80,72,29.0,82.7,6.1,231.7,Banana
95,75,75,27.5,76.5,6.9,214.0,Banana
97,78,70,26.3,87.9,6.4,181.3,Banana
102,72,75,31.6,87.9,6.8,238.8,Banana
110,76,77,27.9,81.2,7.1,155.3,Banana
92,79,81,26.7,85.1,6.1,149.0,Banana
106,70,82,26.4,82.0,6.4,229.8,Banana
100,71,87,28.7,80.5,6.4,222.0,Banana
109,73,84,28.2,89.6,7.5,220.9,Banana
107,73,74,26.0,81.2,6.3,165.0,Banana
90,75,70,30.6,80.6,7.1,160.0,Banana
96,78,77,28.5,89.4,7.5,138.5,Banana
98,71,71,31.5,88.5,6.8,211.1,Banana
101,77,72,29.5,82.6,7.0,171.3,Banana
108,79,71,28.6,89.5,6.4,153.9,Banana
100,76,80,27.9,79.1,6.1,146.4,Banana
108,71,74,26.6,81.7,6.5,135.7,Banana
101,73,84,27.8,79.0,6.2,140.5,Banana
99,79,71,27.3,87.8,6.2,212.5,Banana
101,76,86,26.3,79.5,7.2,142.6,Banana
102,77,87,30.5,78.7,6.7,224.5,Banana
94,71,70,26.4,86.7,6.3,145.8,Banana
102,75,90,31.6,76.3,6.9,239.3,Banana
92,70,72,27.2,84.7,7.2,132.0,Banana
100,71,71,31.7,75.8,7.4,176.3,Banana
102,77,70,28.3,81.4,6.5,238.1,Banana
98,74,84,31.3,75.5,6.9,152.0,Banana
99,77,83,31.3,82.2,6.1,169.8,Banana
103,73,90,31.3,82.9,6.9,224.3,Banana
90,76,81,28.9,86.7,6.5,193.5,Banana
100,76,78,27.1,79.8,6.3,236.4,Banana
98,70,85,29.2,86.5,7.5,246.6,Banana
93,73,77,27.6,87.2,7.4,127.3,Banana
97,79,82,28.1,87.6,7.3,142.9,Banana
108,75,81,31.5,75.4,7.1,243.2,Banana
108,72,88,31.7,87.6,7.2,246.2,Banana
107,74,75,28.9,76.4,6.3,148.4,Banana
106,77,70,28.0,84.2,7.2,164.3,Banana
95,75,71,26.1,83.8,7.4,220.7,Banana
106,75,72,28.2,89.1,6.6,133.1,Banana
99,75,74,31.9,86.0,6.7,203.1,Banana
105,80,80,27.0,89.5,7.0,240.7,Banana
101,73,88,30.9,80.7,7.1,158.3,Banana
95,70,88,28.3,89.9,7.4,124.2,Banana
109,75,89,27.3,83.5,7.4,138.3,Banana
92,73,81,31.9,77.5,7.3,131.5,Banana
110,75,84,26.1,78.1,7.0,165.6,Banana
93,70,71,28.3,86.0,7.5,235.0,Banana
105,76,81,29.3,76.5,6.7,232.3,Banana
110,80,77,27.0,76.1,7.3,158.3,Banana
100,74,73,26.4,77.6,6.6,215.2,Banana
107,71,80,29.6,84.2,6.7,124.0,Banana
110,72,89,31.3,77.4,6.2,146.7,Banana
96,76,87,30.3,85.9,6.4,156.6,Banana
97,71,71,28.4,83.2,6.7,127.1,Banana
90,76,72,27.8,84.9,6.9,146.0,Banana
90,73,75,29.8,89.7,6.7,135.0,Banana
102,77,85,31.4,79.0,7.0,170.4,Banana
101,76,81,27.1,75.7,6.7,154.2,Banana
98,79,71,26.9,85.4,6.1,206.9,Banana
107,76,88,27.4,75.9,6.6,187.9,Banana
107,80,85,29.4,78.5,6.4,171.3,Banana
91,78,88,31.4,87.0,7.0,200.6,Banana
93,77,75,31.7,77.5,6.3,145.1,Banana
91,76,72,31.9,81.5,7.5,201.5,Banana
109,74,80,31.5,88.7,6.1,170.5,Banana
102,78,80,31.1,82.8,7.4,121.6,Banana
109,79,86,30.7,76.7,6.2,193.7,Banana
108,71,73,29.4,76.5,6.4,189.6,Banana
101,76,78,28.3,82.3,6.9,124.9,Banana
98,76,74,29.7,85.2,6.6,171.5,Banana
100,73,71,30.5,88.8,7.3,122.6,Banana
99,74,78,31.1,87.9,7.0,246.4,Banana
97,72,79,31.8,81.6,7.2,155.0,Banana
103,79,90,26.5,81.6,7.4,172.9,Banana
105,78,81,30.9,82.7,6.2,160.4,Banana
106,76,74,30.7,82.9,6.9,142.6,Banana
96,70,77,26.2,75.8,6.5,145.9,Banana
101,77,86,28.4,88.8,7.0,151.5,Banana
105,79,84,27.1,88.1,6.9,165.5,Banana
95,74,72,27.7,80.8,6.2,194.4,Banana
96,73,90,27.4,78.1,7.0,186.7,Banana
90,77,74,29.9,84.0,6.0,152.8,Banana
44,58,41,31.2,62.8,6.4,60.9,Groundnut
44,62,44,24.8,57.7,6.5,92.2,Groundnut
46,59,39,29.5,57.2,6.3,63.8,Groundnut
45,58,39,29.2,64.3,6.5,59.4,Groundnut
42,51,44,27.2,54.8,6.1,51.3,Groundnut
50,59,39,31.3,56.1,6.6,79.2,Groundnut
41,60,38,29.5,59.6,6.4,97.0,Groundnut
46,59,37,30.7,63.1,6.1,54.9,Groundnut
39,58,43,30.1,52.7,6.5,66.8,Groundnut
37,57,40,25.8,63.1,6.3,94.3,Groundnut
46,58,44,26.4,62.8,6.4,93.3,Groundnut
37,65,38,28.0,63.0,6.3,64.9,Groundnut
36,54,37,31.9,55.1,6.8,94.6,Groundnut
49,54,40,30.9,52.7,6.1,66.6,Groundnut
40,60,45,24.5,56.8,6.2,88.7,Groundnut
40,65,36,25.0,56.5,6.3,71.5,Groundnut
50,62,35,24.3,53.0,6.3,50.7,Groundnut
45,56,35,29.4,59.4,6.2,84.7,Groundnut
46,59,37,24.8,57.6,6.2,53.3,Groundnut
36,59,39,27.6,57.8,6.4,71.7,Groundnut
39,60,42,26.9,52.8,6.8,95.9,Groundnut
47,50,38,25.8,64.8,6.2,51.1,Groundnut
40,53,40,29.7,61.9,6.3,82.0,Groundnut
36,51,45,24.9,62.5,6.0,55.8,Groundnut
49,62,36,28.4,57.1,6.1,84.8,Groundnut
35,59,41,29.3,59.9,6.2,80.3,Groundnut
39,63,36,28.1,59.3,6.2,89.2,Groundnut
50,56,44,25.6,53.9,6.4,60.1,Groundnut
48,59,37,24.3,57.4,6.2,96.7,Groundnut
45,57,35,24.1,51.3,6.1,78.7,Groundnut
50,54,36,30.2,51.1,6.6,95.2,Groundnut
42,64,39,26.1,50.8,6.7,93.7,Groundnut
44,61,45,26.5,61.1,6.1,87.9,Groundnut
36,50,37,29.3,52.6,6.3,71.9,Groundnut
43,52,40,30.5,52.7,6.3,98.1,Groundnut
43,62,42,30.4,59.7,6.6,55.7,Groundnut
36,55,36,27.3,58.9,6.6,83.9,Groundnut
40,62,40,28.9,62.9,6.7,86.4,Groundnut
39,65,42,24.9,56.2,6.0,63.1,Groundnut
45,50,45,28.2,61.2,6.6,61.2,Groundnut
45,53,41,29.3,53.7,6.3,83.8,Groundnut
47,54,43,31.1,59.2,6.0,96.7,Groundnut
50,65,37,24.6,57.4,6.2,98.5,Groundnut
36,57,43,29.1,56.0,6.2,73.0,Groundnut
49,52,42,27.6,51.8,6.4,82.7,Groundnut
38,62,41,24.3,58.2,6.7,89.6,Groundnut
44,56,45,29.4,64.3,6.3,52.7,Groundnut
42,64,40,28.5,59.3,6.4,82.9,Groundnut
49,53,36,30.1,53.3,6.3,91.5,Groundnut
44,61,36,24.4,52.5,6.1,85.8,Groundnut
48,53,39,28.9,52.8,6.7,69.6,Groundnut
49,56,40,24.9,56.2,6.7,91.9,Groundnut
38,64,42,29.3,64.3,6.1,74.9,Groundnut
36,63,44,27.9,57.6,6.7,58.9,Groundnut
40,54,36,27.1,59.0,6.7,75.2,Groundnut
47,63,44,31.3,61.4,6.2,98.2,Groundnut
44,64,37,25.1,59.0,6.7,75.6,Groundnut
45,56,38,25.7,60.7,6.5,96.1,Groundnut
39,55,43,28.3,59.6,6.6,88.0,Groundnut
50,63,45,30.0,62.6,6.2,92.4,Groundnut
35,53,35,27.0,50.8,6.0,63.3,Groundnut
40,59,45,26.0,62.6,6.6,64.8,Groundnut
36,61,42,24.8,63.0,6.6,93.2,Groundnut
47,57,43,30.3,62.0,6.2,83.2,Groundnut
47,62,41,31.7,64.6,6.3,77.6,Groundnut
35,58,38,29.0,61.7,6.7,91.5,Groundnut
46,56,38,26.4,52.7,6.5,59.3,Groundnut
40,53,41,24.3,54.2,6.2,58.0,Groundnut
43,50,40,27.7,64.1,6.0,96.4,Groundnut
36,59,42,30.3,58.3,6.1,85.4,Groundnut
42,55,43,24.5,57.6,6.3,76.9,Groundnut
37,61,38,31.1,60.0,6.3,64.7,Groundnut
50,50,36,29.4,56.7,6.7,80.7,Groundnut
42,51,45,31.1,55.7,6.6,55.7,Groundnut
43,59,35,31.3,62.3,6.3,90.1,Groundnut
49,65,35,26.4,59.8,6.3,54.1,Groundnut
38,55,43,28.3,59.4,6.2,81.5,Groundnut
41,63,36,25.6,62.4,6.7,87.1,Groundnut
48,52,45,25.2,56.9,6.3,54.4,Groundnut
36,55,39,28.5,58.6,6.2,62.9,Groundnut
47,64,45,27.2,54.7,6.3,55.9,Groundnut
35,52,44,24.4,62.7,6.3,75.1,Groundnut
44,59,44,24.7,61.5,6.4,69.8,Groundnut
35,65,37,28.3,52.0,6.3,89.9,Groundnut
44,54,39,29.4,63.7,6.6,86.5,Groundnut
46,50,43,31.0,52.1,6.0,78.6,Groundnut
47,52,39,25.7,61.1,6.6,60.6,Groundnut
39,55,37,25.8,62.5,6.2,59.1,Groundnut
36,64,45,28.4,54.4,6.1,54.9,Groundnut
50,60,40,25.0,59.8,6.1,81.0,Groundnut
41,60,42,27.6,59.2,6.2,79.2,Groundnut
46,60,41,25.3,54.7,6.6,85.6,Groundnut
48,58,40,25.1,61.0,6.7,73.1,Groundnut
46,59,42,28.4,52.6,6.5,92.1,Groundnut
39,56,39,29.9,59.4,6.6,94.6,Groundnut
35,62,44,25.7,50.5,6.2,94.7,Groundnut
50,54,40,27.1,63.4,6.5,92.9,Groundnut
39,64,43,28.1,56.0,6.4,83.1,Groundnut
40,54,42,25.3,58.5,6.5,93.6,Groundnut
39,65,40,24.3,61.4,6.2,63.2,Groundnut
97,46,56,28.7,81.9,6.6,210.1,Sugarcane
91,46,70,26.2,80.6,6.8,199.6,Sugarcane
98,50,62,30.5,75.5,7.0,200.3,Sugarcane
106,53,62,34.6,73.3,6.6,198.1,Sugarcane
101,60,65,33.5,70.1,7.3,152.8,Sugarcane
97,47,66,30.4,73.2,6.3,143.5,Sugarcane
93,52,63,32.5,80.8,6.7,157.5,Sugarcane
96,50,70,32.8,70.3,6.1,168.8,Sugarcane
95,49,70,28.7,83.4,6.2,120.0,Sugarcane
95,57,69,34.6,79.6,7.3,187.4,Sugarcane
99,47,56,27.8,84.9,7.3,120.5,Sugarcane
103,49,68,32.7,72.7,7.0,131.7,Sugarcane
100,59,69,29.7,73.4,6.6,113.0,Sugarcane
96,58,54,29.9,72.7,7.4,172.0,Sugarcane
107,48,52,28.3,72.0,6.9,199.3,Sugarcane
110,58,66,27.5,83.1,7.0,151.5,Sugarcane
105,57,61,29.7,81.1,7.1,183.6,Sugarcane
93,58,54,25.3,81.5,7.4,110.1,Sugarcane
109,58,58,24.5,80.6,7.2,169.4,Sugarcane
93,45,62,30.5,80.3,6.5,143.5,Sugarcane
94,58,70,29.6,73.9,6.8,167.8,Sugarcane
109,53,62,31.8,76.2,7.2,157.9,Sugarcane
101,60,58,34.9,78.7,7.2,147.8,Sugarcane
94,48,57,27.8,80.5,6.2,125.7,Sugarcane
102,55,67,30.0,80.3,6.1,146.7,Sugarcane
110,45,52,32.7,77.1,6.9,110.6,Sugarcane
98,52,61,23.0,70.6,6.6,218.1,Sugarcane
109,54,69,22.7,81.6,6.3,159.3,Sugarcane
90,51,66,25.7,70.5,6.9,161.9,Sugarcane
97,50,51,26.7,79.8,7.5,110.4,Sugarcane
98,57,61,30.7,76.1,6.3,101.8,Sugarcane
92,47,67,25.7,82.4,7.4,141.8,Sugarcane
98,52,69,34.5,76.8,6.6,100.6,Sugarcane
95,58,66,23.4,71.1,6.4,213.6,Sugarcane
106,53,67,32.6,78.6,7.0,215.9,Sugarcane
108,60,57,31.8,84.4,6.7,155.3,Sugarcane
108,45,65,23.5,71.0,7.0,219.3,Sugarcane
97,55,63,34.4,77.7,6.0,199.9,Sugarcane
97,54,52,27.2,81.2,6.5,166.5,Sugarcane
95,60,60,26.6,83.4,6.4,213.7,Sugarcane
96,60,56,25.1,73.6,6.4,127.5,Sugarcane
97,56,54,32.1,71.8,6.1,214.7,Sugarcane
105,45,67,34.5,82.7,6.6,137.9,Sugarcane
108,53,65,24.4,81.5,6.8,147.7,Sugarcane
108,49,51,28.8,76.3,7.4,103.9,Sugarcane
101,57,55,27.9,71.8,6.8,137.9,Sugarcane
90,45,56,26.9,71.5,6.5,203.4,Sugarcane
95,53,57,25.5,84.4,6.5,122.1,Sugarcane
103,51,63,31.1,75.6,7.3,133.6,Sugarcane
95,49,68,30.9,82.2,7.1,196.5,Sugarcane
107,58,62,24.5,82.0,7.1,156.8,Sugarcane
90,50,63,28.5,84.9,7.3,162.0,Sugarcane
100,60,59,25.3,82.9,6.1,111.9,Sugarcane
95,46,56,32.6,77.1,6.9,154.0,Sugarcane
100,53,61,26.7,78.4,7.2,141.3,Sugarcane
103,48,61,33.3,84.4,6.3,169.1,Sugarcane
110,50,59,26.6,80.1,6.7,188.4,Sugarcane
92,57,69,25.7,79.5,6.2,120.1,Sugarcane
100,58,70,30.0,76.1,7.4,109.5,Sugarcane
100,52,60,26.1,74.4,6.4,177.4,Sugarcane
98,59,61,31.7,77.8,6.7,120.1,Sugarcane
90,49,57,30.6,84.1,7.1,109.6,Sugarcane
95,57,53,23.2,84.1,6.7,106.5,Sugarcane
102,47,53,25.4,72.3,7.0,206.3,Sugarcane
99,52,57,31.6,76.6,6.2,163.2,Sugarcane
95,45,51,30.6,82.9,6.5,157.1,Sugarcane
107,53,67,27.8,84.5,7.0,121.2,Sugarcane
109,59,70,31.7,83.2,6.7,176.8,Sugarcane
107,54,61,28.3,73.4,6.1,136.9,Sugarcane
103,53,54,25.9,70.0,7.2,201.8,Sugarcane
101,54,65,29.0,80.3,6.7,190.7,Sugarcane
99,45,63,32.4,79.0,7.2,165.8,Sugarcane
96,58,67,27.7,73.7,7.1,177.5,Sugarcane
102,52,58,23.0,79.4,6.8,196.0,Sugarcane
109,53,59,30.4,78.0,6.4,122.6,Sugarcane
92,50,54,25.8,79.6,6.9,132.7,Sugarcane
109,60,56,26.2,72.3,7.5,102.7,Sugarcane
93,54,58,23.6,76.6,6.0,110.8,Sugarcane
90,60,56,26.4,74.7,7.2,219.8,Sugarcane
104,46,60,23.0,81.3,6.2,132.0,Sugarcane
102,47,67,28.1,72.9,7.3,198.1,Sugarcane
90,48,57,27.0,84.6,6.4,219.3,Sugarcane
96,59,53,28.8,84.7,6.7,181.8,Sugarcane
99,55,55,30.2,70.6,7.4,162.5,Sugarcane
98,60,70,25.9,75.4,6.1,180.0,Sugarcane
93,52,70,27.6,70.2,7.2,170.2,Sugarcane
102,52,50,34.6,78.7,7.0,182.6,Sugarcane
94,56,52,25.2,77.5,7.0,140.6,Sugarcane
110,46,51,26.6,72.3,6.8,112.9,Sugarcane
105,52,60,34.8,81.8,7.1,196.7,Sugarcane
104,51,50,31.0,75.4,6.2,207.8,Sugarcane
105,59,67,25.8,80.5,6.3,122.4,Sugarcane
101,55,64,25.6,82.5,7.4,166.5,Sugarcane
92,49,64,25.8,74.0,6.6,100.1,Sugarcane
110,57,55,33.5,79.3,6.5,174.4,Sugarcane
100,47,67,32.6,72.8,7.0,191.9,Sugarcane
94,54,60,27.3,74.8,6.1,179.1,Sugarcane
91,49,55,33.4,73.0,6.7,111.9,Sugarcane
108,57,65,28.8,80.5,6.4,144.0,Sugarcane
109,47,50,34.1,73.1,6.7,206.8,Sugarcane
32,42,40,25.7,51.2,7.4,50.8,Millets
41,35,39,27.9,40.8,5.6,45.2,Millets
36,43,31,26.1,44.6,6.3,39.7,Millets
37,44,40,35.4,51.2,6.6,67.3,Millets
41,45,37,32.7,48.5,5.7,69.6,Millets
42,43,35,32.2,50.7,6.7,76.7,Millets
40,43,35,34.3,48.2,6.8,71.3,Millets
40,44,33,31.2,44.3,7.0,76.3,Millets
38,40,37,29.9,47.9,7.0,79.1,Millets
30,43,32,35.9,46.0,6.1,41.1,Millets
40,35,34,35.1,50.2,6.6,58.6,Millets
33,35,37,28.9,42.8,6.2,59.1,Millets
37,39,34,26.0,48.0,7.3,66.7,Millets
40,42,32,30.4,58.0,6.9,71.0,Millets
33,44,40,28.3,54.6,6.7,33.9,Millets
31,40,35,34.7,48.7,7.4,36.0,Millets
37,45,39,35.2,52.7,6.8,32.7,Millets
31,40,38,31.2,46.5,6.9,37.7,Millets
42,42,39,31.3,41.8,6.4,69.3,Millets
34,37,35,25.9,51.4,5.6,50.0,Millets
32,41,38,29.8,54.0,7.0,54.0,Millets
36,42,36,32.2,43.9,6.7,66.8,Millets
37,38,31,27.9,48.6,6.9,58.8,Millets
33,45,36,29.7,47.0,6.1,59.7,Millets
30,39,32,35.9,52.3,7.5,52.1,Millets
34,42,30,35.2,44.7,6.9,37.8,Millets
32,36,30,27.7,52.4,5.8,71.6,Millets
39,35,35,32.6,42.2,6.4,31.1,Millets
36,43,33,27.2,50.5,6.0,54.2,Millets
34,45,30,29.1,58.1,6.6,42.8,Millets
31,39,33,33.7,52.4,5.6,62.7,Millets
30,36,36,32.3,53.3,7.3,48.0,Millets
33,35,34,34.5,53.0,6.0,49.0,Millets
33,40,37,34.5,50.6,5.9,55.0,Millets
44,43,30,25.4,58.4,6.1,54.5,Millets
35,35,35,32.5,47.1,6.1,79.8,Millets
38,35,40,27.8,47.7,7.5,79.5,Millets
38,38,32,28.8,47.9,5.8,66.5,Millets
37,41,33,31.3,48.5,6.1,60.3,Millets
44,43,32,27.3,42.8,6.6,70.0,Millets
34,39,38,35.0,48.6,7.3,68.5,Millets
35,40,31,31.1,59.0,5.7,45.9,Millets
34,35,35,34.7,48.3,6.3,52.2,Millets
38,37,33,26.2,43.7,7.0,60.6,Millets
38,44,39,31.7,51.9,6.0,31.3,Millets
32,42,32,30.5,52.1,6.9,48.7,Millets
42,42,37,26.5,43.9,5.6,68.2,Millets
30,39,36,27.4,53.4,5.9,40.2,Millets
35,42,39,30.4,46.5,6.4,42.3,Millets
42,35,39,33.1,47.6,6.1,60.6,Millets
31,43,31,30.0,56.5,5.6,79.8,Millets
42,35,38,29.3,55.3,7.4,39.5,Millets
44,41,34,33.5,45.7,5.8,44.7,Millets
31,43,32,30.1,52.9,5.7,55.0,Millets
35,44,38,26.5,48.3,6.4,38.9,Millets
36,42,31,27.8,53.8,7.3,69.8,Millets
33,36,31,32.8,52.7,5.7,65.4,Millets
35,41,38,29.2,55.4,7.3,58.3,Millets
34,37,32,27.0,54.2,6.3,45.5,Millets
44,39,40,27.0,58.0,7.4,30.2,Millets
38,35,37,30.5,50.0,7.1,60.4,Millets
45,38,33,31.5,49.5,6.3,34.0,Millets
30,38,38,28.1,52.6,7.1,40.4,Millets
35,37,30,32.2,40.7,7.2,63.3,Millets
39,40,31,25.5,48.3,5.9,63.6,Millets
35,42,39,29.0,40.7,7.0,46.1,Millets
42,36,36,34.3,41.3,6.4,36.1,Millets
38,40,38,29.6,44.2,5.9,32.9,Millets
32,42,39,35.3,59.7,6.1,60.4,Millets
40,39,38,31.3,52.5,7.4,60.7,Millets
45,43,40,30.5,56.2,7.3,41.6,Millets
39,38,30,26.3,49.3,7.1,66.9,Millets
36,44,36,29.6,46.7,6.6,61.9,Millets
30,45,33,32.6,45.1,5.6,45.0,Millets
40,35,31,32.5,46.8,6.9,60.8,Millets
30,37,33,28.6,46.8,6.8,75.8,Millets
31,45,32,30.3,52.5,7.3,56.8,Millets
40,42,36,35.2,41.1,6.5,58.2,Millets
40,43,38,25.2,51.5,6.2,75.8,Millets
41,36,32,28.1,40.6,7.5,61.3,Millets
35,44,39,29.3,51.9,7.2,67.6,Millets
40,35,34,29.6,49.9,6.0,52.6,Millets
39,38,38,28.3,42.2,7.1,68.9,Millets
32,42,38,25.3,49.7,6.5,39.5,Millets
45,43,34,33.5,42.9,7.2,71.1,Millets
34,38,30,30.1,54.3,6.5,30.2,Millets
31,45,39,34.6,46.7,7.3,35.2,Millets
39,35,39,33.3,52.8,5.9,40.0,Millets
39,39,38,28.5,48.8,5.7,37.5,Millets
38,36,30,35.5,51.2,5.7,57.1,Millets
40,39,32,35.4,56.1,6.6,38.6,Millets
39,44,35,30.9,41.0,5.6,75.2,Millets
31,36,36,25.6,48.5,5.9,59.8,Millets
44,44,35,28.4,56.3,6.9,63.5,Millets
32,42,39,26.4,56.3,7.3,53.4,Millets
44,39,40,32.1,55.3,6.4,77.4,Millets
34,44,34,35.0,47.8,6.9,63.3,Millets
40,42,37,25.3,49.5,6.2,53.1,Millets
35,39,35,31.6,42.5,5.7,70.9,Millets
33,40,38,32.1,55.8,6.6,50.0,Millets
58,58,44,22.4,62.4,6.7,64.0,Soybean
51,64,41,27.8,66.5,7.2,92.7,Soybean
52,57,45,26.7,71.1,7.1,110.2,Soybean
48,64,44,24.6,68.3,7.2,70.6,Soybean
57,56,44,21.1,72.2,7.2,82.7,Soybean
60,65,45,20.6,63.3,6.2,94.8,Soybean
45,57,45,21.5,68.0,6.6,94.7,Soybean
51,58,45,28.8,64.5,7.2,100.8,Soybean
58,60,36,25.8,69.2,6.8,110.9,Soybean
54,55,40,29.0,74.5,6.0,93.6,Soybean
56,56,39,28.7,63.5,7.1,83.7,Soybean
55,61,41,23.8,68.2,7.0,88.5,Soybean
51,63,41,28.4,65.4,6.6,77.3,Soybean
49,57,35,20.7,60.2,7.1,89.2,Soybean
58,57,36,21.4,72.1,7.3,113.6,Soybean
58,64,37,24.5,66.4,7.2,83.1,Soybean
52,57,41,26.0,68.7,7.3,74.2,Soybean
53,61,43,25.8,60.5,6.1,89.0,Soybean
56,56,44,24.8,70.4,6.2,103.9,Soybean
53,62,43,20.8,73.3,6.1,88.3,Soybean
47,65,45,25.4,68.7,6.9,114.2,Soybean
45,62,42,25.1,67.0,7.1,85.3,Soybean
54,59,37,20.4,73.8,7.1,103.6,Soybean
53,55,45,24.7,62.5,6.1,119.4,Soybean
45,59,42,20.8,67.6,7.3,76.7,Soybean
49,64,39,22.8,63.9,7.1,96.2,Soybean
49,65,42,23.7,62.6,7.2,74.2,Soybean
50,63,35,23.4,61.3,6.2,116.0,Soybean
49,62,41,27.7,63.6,6.7,98.3,Soybean
51,64,40,20.5,64.0,7.2,63.2,Soybean
59,61,42,23.0,71.2,7.1,92.0,Soybean
57,65,41,24.7,62.2,7.3,60.7,Soybean
59,61,45,23.2,68.0,7.4,65.8,Soybean
56,61,44,29.2,72.9,6.5,76.0,Soybean
48,59,45,25.8,66.9,7.0,74.5,Soybean
51,63,40,26.8,74.9,6.5,60.6,Soybean
45,56,35,24.1,67.9,7.0,81.1,Soybean
54,59,38,20.3,69.3,6.1,95.6,Soybean
51,64,45,21.2,74.4,6.1,96.3,Soybean
57,65,45,25.7,74.5,7.3,101.7,Soybean
53,59,42,26.6,61.1,6.7,119.7,Soybean
58,65,40,22.6,71.7,6.4,63.7,Soybean
57,60,35,22.6,72.2,6.3,64.2,Soybean
51,64,41,21.8,67.4,6.2,106.1,Soybean
51,64,45,21.1,66.6,6.4,62.1,Soybean
47,64,39,27.8,60.3,6.7,99.2,Soybean
45,55,45,23.9,62.3,6.5,83.5,Soybean
45,63,42,24.8,66.1,7.1,108.7,Soybean
47,63,38,20.0,74.3,7.2,88.9,Soybean
56,60,45,23.0,60.8,7.5,98.8,Soybean
56,63,40,20.8,66.9,7.1,98.9,Soybean
50,63,35,29.7,69.9,6.4,83.4,Soybean
48,65,40,24.9,73.3,6.7,71.4,Soybean
46,58,35,27.2,68.9,6.7,63.8,Soybean
54,62,43,29.6,72.2,7.4,61.0,Soybean
55,55,40,27.9,60.6,6.2,108.4,Soybean
59,65,43,21.5,68.7,7.4,62.2,Soybean
49,62,45,20.2,73.6,6.9,74.6,Soybean
49,55,37,26.3,73.6,7.2,65.8,Soybean
50,64,36,28.2,61.6,6.7,108.0,Soybean
52,56,38,24.3,72.2,7.5,100.7,Soybean
55,56,45,25.8,62.1,7.3,107.6,Soybean
46,64,37,23.4,61.8,6.2,84.9,Soybean
56,63,37,24.4,73.9,6.1,66.0,Soybean
57,57,35,28.8,61.2,6.0,115.6,Soybean
54,61,42,26.9,63.1,7.0,91.4,Soybean
58,58,37,26.1,60.6,6.3,90.0,Soybean
47,65,39,23.5,60.1,6.4,67.1,Soybean
48,64,40,28.6,74.8,6.8,87.9,Soybean
51,59,35,21.9,71.9,7.0,118.1,Soybean
60,62,37,21.6,73.8,6.1,81.9,Soybean
51,61,39,23.3,72.1,7.1,62.6,Soybean
46,63,37,21.6,60.4,6.8,64.3,Soybean
52,62,44,25.8,66.3,7.1,113.9,Soybean
52,56,40,22.3,63.6,6.6,72.0,Soybean
52,56,42,25.9,60.8,6.7,73.0,Soybean
59,57,41,23.7,66.9,6.3,81.5,Soybean
53,58,40,21.3,70.4,6.1,68.2,Soybean
59,62,41,21.7,65.2,7.3,96.2,Soybean
50,64,43,28.6,61.3,7.3,89.4,Soybean
51,64,42,28.4,64.2,7.1,104.2,Soybean
52,58,40,24.3,63.3,7.4,116.8,Soybean
45,61,35,20.4,67.1,7.2,62.0,Soybean
57,62,36,24.5,63.6,6.8,60.7,Soybean
58,58,37,23.6,63.6,7.5,61.0,Soybean
54,57,42,28.6,71.2,6.0,87.3,Soybean
49,61,37,27.9,65.6,6.7,98.0,Soybean
47,61,40,25.3,64.4,7.1,101.9,Soybean
51,65,36,26.2,65.0,7.4,90.9,Soybean
56,55,36,23.8,67.0,6.1,82.0,Soybean
47,63,38,21.4,65.0,6.8,98.9,Soybean
51,58,40,23.5,64.0,7.0,76.6,Soybean
47,60,40,24.5,67.5,7.2,88.2,Soybean
54,62,44,23.7,70.1,7.0,118.7,Soybean
47,58,42,20.9,65.9,6.3,117.5,Soybean
47,56,37,22.8,70.5,6.7,112.5,Soybean
45,59,41,29.7,68.1,6.2,80.8,Soybean
59,65,35,22.9,60.9,7.3,73.9,Soybean
55,61,44,23.4,69.7,6.5,95.6,Soybean
59,62,39,25.7,73.5,6.5,107.4,Soybean
87,42,45,29.7,76.5,6.0,74.7,Tomato
94,37,49,29.2,75.7,6.3,118.1,Tomato
84,37,43,21.2,79.9,6.6,80.9,Tomato
91,37,43,25.6,65.5,6.3,74.1,Tomato
91,42,48,29.8,73.0,6.1,51.7,Tomato
95,37,47,29.3,67.3,7.0,88.2,Tomato
90,45,44,24.7,69.3,6.9,118.6,Tomato
84,44,47,23.4,66.7,6.5,52.8,Tomato
83,39,40,24.0,77.6,6.4,56.5,Tomato
81,44,50,22.0,72.9,6.8,103.7,Tomato
86,35,41,25.4,71.7,6.7,56.1,Tomato
92,38,47,23.2,74.1,6.9,113.6,Tomato
91,41,42,27.2,71.4,6.4,50.9,Tomato
91,40,44,29.8,78.1,6.1,100.9,Tomato
94,41,47,22.9,77.1,7.0,79.7,Tomato
93,37,49,26.0,67.2,6.3,119.2,Tomato
90,36,49,27.6,66.3,6.4,114.0,Tomato
93,37,48,24.6,73.5,6.9,63.9,Tomato
92,39,48,24.9,77.3,6.3,91.0,Tomato
95,43,47,22.2,76.9,6.2,71.0,Tomato
95,36,50,26.7,69.3,6.2,113.5,Tomato
87,35,41,27.6,72.4,7.0,91.9,Tomato
91,44,47,25.7,78.0,6.6,83.3,Tomato
83,40,48,27.3,65.3,6.3,90.7,Tomato
84,40,47,28.8,67.0,6.2,69.1,Tomato
93,45,45,20.5,69.4,6.6,55.4,Tomato
86,45,42,27.6,74.0,6.2,72.6,Tomato
90,45,44,22.7,75.5,6.4,87.4,Tomato
91,37,40,21.4,69.2,6.8,78.8,Tomato
85,36,43,21.5,68.3,6.2,112.8,Tomato
83,41,47,29.2,66.7,6.1,51.2,Tomato
91,39,45,21.4,71.6,7.0,86.6,Tomato
90,37,44,20.3,77.2,6.2,110.0,Tomato
84,38,44,21.3,67.0,6.1,98.4,Tomato
83,36,40,27.7,76.4,6.0,57.5,Tomato
81,42,41,29.1,65.6,6.3,50.7,Tomato
83,36,49,22.1,78.5,6.2,74.6,Tomato
82,37,44,29.5,70.2,6.2,85.0,Tomato
87,43,49,20.7,77.3,6.8,87.0,Tomato
86,39,42,29.0,73.1,7.0,56.9,Tomato
86,43,47,23.7,73.8,6.4,117.0,Tomato
85,40,46,24.2,72.7,6.4,103.3,Tomato
90,36,47,21.1,67.0,6.8,99.3,Tomato
81,36,45,24.9,70.8,6.5,101.5,Tomato
94,38,48,24.1,79.8,6.4,110.0,Tomato
95,45,45,21.8,80.0,6.5,57.4,Tomato
94,43,50,26.8,66.8,6.4,98.7,Tomato
83,37,41,23.6,68.0,6.2,109.1,Tomato
92,36,43,28.4,75.9,6.3,99.9,Tomato
88,45,46,23.6,75.0,7.0,119.1,Tomato
88,37,47,21.1,68.8,6.5,94.0,Tomato
84,35,41,27.4,77.5,6.5,51.9,Tomato
85,41,49,26.8,67.3,6.6,56.7,Tomato
82,45,48,27.7,76.9,6.2,96.3,Tomato
95,43,44,25.4,77.1,6.5,51.2,Tomato
81,41,41,23.8,69.7,6.4,82.2,Tomato
81,37,48,26.6,76.7,6.9,61.5,Tomato
93,37,44,27.2,72.3,6.1,97.3,Tomato
95,42,48,28.5,72.6,6.4,84.6,Tomato
92,44,50,23.5,79.7,6.3,52.0,Tomato
81,37,45,23.5,76.1,6.0,112.4,Tomato
90,41,41,24.3,79.9,6.4,54.0,Tomato
87,38,43,26.5,73.9,6.9,54.6,Tomato
89,36,45,21.7,73.1,6.0,96.0,Tomato
93,44,48,29.0,69.0,6.7,91.2,Tomato
90,41,49,23.9,73.6,6.8,57.0,Tomato
86,40,47,25.0,76.5,6.3,93.0,Tomato
91,41,43,25.0,77.7,6.8,108.8,Tomato
86,39,44,20.5,79.9,6.4,65.8,Tomato
82,44,41,25.9,69.1,6.6,87.2,Tomato
93,38,45,28.0,74.8,6.3,106.3,Tomato
93,45,48,23.1,71.2,6.3,86.1,Tomato
85,35,50,27.0,77.9,6.6,64.9,Tomato
94,39,50,25.3,74.2,6.8,80.4,Tomato
81,43,43,23.6,67.2,6.2,98.0,Tomato
89,41,46,23.2,77.5,6.1,64.2,Tomato
93,39,44,26.5,68.8,6.6,78.4,Tomato
83,37,43,20.3,77.0,6.3,84.0,Tomato
93,41,50,29.1,68.0,6.3,52.0,Tomato
88,45,48,21.8,77.8,7.0,84.0,Tomato
80,35,41,23.1,69.5,6.1,116.9,Tomato
91,45,50,28.9,71.0,6.8,109.0,Tomato
87,36,49,27.3,79.0,6.5,108.0,Tomato
88,42,41,22.4,66.8,6.8,73.1,Tomato
92,38,46,22.2,66.6,6.2,69.2,Tomato
93,39,49,20.6,73.0,6.7,57.9,Tomato
93,42,50,22.5,69.2,6.8,60.1,Tomato
95,40,44,20.2,79.5,6.6,108.9,Tomato
81,45,43,22.5,70.8,6.6,99.0,Tomato
83,43,43,28.6,70.8,6.9,77.5,Tomato
88,39,41,29.4,76.4,6.3,110.2,Tomato
85,42,50,23.2,77.2,6.6,105.3,Tomato
88,36,47,24.7,71.2,6.8,100.2,Tomato
83,37,44,25.1,70.3,6.6,106.9,Tomato
90,42,40,27.6,74.6,6.2,81.0,Tomato
84,35,46,22.0,69.6,6.6,57.8,Tomato
87,43,50,27.6,77.7,6.7,105.5,Tomato
90,42,47,28.7,67.0,6.2,91.5,Tomato
90,39,43,20.8,70.5,6.4,76.4,Tomato
87,35,40,29.2,74.7,6.6,113.5,Tomato
